<?xml version="1.0" encoding="UTF-8"?>
<!DOCTYPE mapper PUBLIC "-//mybatis.org//DTD Mapper 3.0//EN" "http://mybatis.org/dtd/mybatis-3-mapper.dtd">
<mapper namespace="cn.org.hentai.dns.dao.AddressMapper">
  <resultMap id="BaseResultMap" type="cn.org.hentai.dns.entity.Address">
    <id column="id" jdbcType="BIGINT" property="id" />
    <result column="ruleId" jdbcType="BIGINT" property="ruleId" />
    <result column="type" jdbcType="VARCHAR" property="type" />
    <result column="address" jdbcType="VARCHAR" property="address" />
  </resultMap>
  <sql id="Example_Where_Clause">
    <where>
      <foreach collection="oredCriteria" item="criteria" separator="or">
        <if test="criteria.valid">
          <trim prefix="(" prefixOverrides="and" suffix=")">
            <foreach collection="criteria.criteria" item="criterion">
              <choose>
                <when test="criterion.noValue">
                  and ${criterion.condition}
                </when>
                <when test="criterion.singleValue">
                  and ${criterion.condition} #{criterion.value}
                </when>
                <when test="criterion.betweenValue">
                  and ${criterion.condition} #{criterion.value} and #{criterion.secondValue}
                </when>
                <when test="criterion.listValue">
                  and ${criterion.condition}
                  <foreach close=")" collection="criterion.value" item="listItem" open="(" separator=",">
                    #{listItem}
                  </foreach>
                </when>
              </choose>
            </foreach>
          </trim>
        </if>
      </foreach>
    </where>
  </sql>
  <sql id="Update_By_Example_Where_Clause">
    <where>
      <foreach collection="example.oredCriteria" item="criteria" separator="or">
        <if test="criteria.valid">
          <trim prefix="(" prefixOverrides="and" suffix=")">
            <foreach collection="criteria.criteria" item="criterion">
              <choose>
                <when test="criterion.noValue">
                  and ${criterion.condition}
                </when>
                <when test="criterion.singleValue">
                  and ${criterion.condition} #{criterion.value}
                </when>
                <when test="criterion.betweenValue">
                  and ${criterion.condition} #{criterion.value} and #{criterion.secondValue}
                </when>
                <when test="criterion.listValue">
                  and ${criterion.condition}
                  <foreach close=")" collection="criterion.value" item="listItem" open="(" separator=",">
                    #{listItem}
                  </foreach>
                </when>
              </choose>
            </foreach>
          </trim>
        </if>
      </foreach>
    </where>
  </sql>
  <sql id="Base_Column_List">
    id, ruleId, `type`, address
  </sql>
  <select id="selectByExample" parameterType="cn.org.hentai.dns.entity.AddressExample" resultMap="BaseResultMap">
    select
    <if test="distinct">
      distinct
    </if>
    <include refid="Base_Column_List" />
    from `address`
    <if test="_parameter != null">
      <include refid="Example_Where_Clause" />
    </if>
    <if test="orderByClause != null">
      order by ${orderByClause}
    </if>
    <if test="limit != null">
      <if test="offset != null">
        limit ${offset}, ${limit}
      </if>
      <if test="offset == null">
        limit ${limit}
      </if>
    </if>
  </select>
  <select id="selectByPrimaryKey" parameterType="java.lang.Long" resultMap="BaseResultMap">
    select 
    <include refid="Base_Column_List" />
    from `address`
    where id = #{id,jdbcType=BIGINT}
  </select>
  <delete id="deleteByPrimaryKey" parameterType="java.lang.Long">
    delete from `address`
    where id = #{id,jdbcType=BIGINT}
  </delete>
  <delete id="deleteByExample" parameterType="cn.org.hentai.dns.entity.AddressExample">
    delete from `address`
    <if test="_parameter != null">
      <include refid="Example_Where_Clause" />
    </if>
  </delete>
  <insert id="insert" parameterType="cn.org.hentai.dns.entity.Address" useGeneratedKeys="true" keyProperty="id">
    insert into `address` (id, ruleId, `type`, 
      address)
    values (#{id,jdbcType=BIGINT}, #{ruleId,jdbcType=BIGINT}, #{type,jdbcType=VARCHAR}, 
      #{address,jdbcType=VARCHAR})
  </insert>
  <insert id="insertSelective" parameterType="cn.org.hentai.dns.entity.Address" useGeneratedKeys="true" keyProperty="id">
    insert into `address`
    <trim prefix="(" suffix=")" suffixOverrides=",">
      <if test="id != null">
        id,
      </if>
      <if test="ruleId != null">
        ruleId,
      </if>
      <if test="type != null">
        `type`,
      </if>
      <if test="address != null">
        address,
      </if>
    </trim>
    <trim prefix="values (" suffix=")" suffixOverrides=",">
      <if test="id != null">
        #{id,jdbcType=BIGINT},
      </if>
      <if test="ruleId != null">
        #{ruleId,jdbcType=BIGINT},
      </if>
      <if test="type != null">
        #{type,jdbcType=VARCHAR},
      </if>
      <if test="address != null">
        #{address,jdbcType=VARCHAR},
      </if>
    </trim>
  </insert>
  <select id="countByExample" parameterType="cn.org.hentai.dns.entity.AddressExample" resultType="java.lang.Long">
    select count(*) from `address`
    <if test="_parameter != null">
      <include refid="Example_Where_Clause" />
    </if>
  </select>
  <update id="updateByExampleSelective" parameterType="map">
    update `address`
    <set>
      <if test="record.id != null">
        id = #{record.id,jdbcType=BIGINT},
      </if>
      <if test="record.ruleId != null">
        ruleId = #{record.ruleId,jdbcType=BIGINT},
      </if>
      <if test="record.type != null">
        `type` = #{record.type,jdbcType=VARCHAR},
      </if>
      <if test="record.address != null">
        address = #{record.address,jdbcType=VARCHAR},
      </if>
    </set>
    <if test="_parameter != null">
      <include refid="Update_By_Example_Where_Clause" />
    </if>
  </update>
  <update id="updateByExample" parameterType="map">
    update `address`
    set id = #{record.id,jdbcType=BIGINT},
      ruleId = #{record.ruleId,jdbcType=BIGINT},
      `type` = #{record.type,jdbcType=VARCHAR},
      address = #{record.address,jdbcType=VARCHAR}
    <if test="_parameter != null">
      <include refid="Update_By_Example_Where_Clause" />
    </if>
  </update>
  <update id="updateByPrimaryKeySelective" parameterType="cn.org.hentai.dns.entity.Address">
    update `address`
    <set>
      <if test="ruleId != null">
        ruleId = #{ruleId,jdbcType=BIGINT},
      </if>
      <if test="type != null">
        `type` = #{type,jdbcType=VARCHAR},
      </if>
      <if test="address != null">
        address = #{address,jdbcType=VARCHAR},
      </if>
    </set>
    where id = #{id,jdbcType=BIGINT}
  </update>
  <update id="updateByPrimaryKey" parameterType="cn.org.hentai.dns.entity.Address">
    update `address`
    set ruleId = #{ruleId,jdbcType=BIGINT},
      `type` = #{type,jdbcType=VARCHAR},
      address = #{address,jdbcType=VARCHAR}
    where id = #{id,jdbcType=BIGINT}
  </update>
  <insert id="batchInsert" parameterType="map">
    <!--
      WARNING - @mbg.generated
      This element is automatically generated by MyBatis Generator, do not modify.
      @project https://github.com/itfsw/mybatis-generator-plugin
    -->
    insert into `address`
    (id, ruleId, `type`, address)
    values
    <foreach collection="list" item="item" separator=",">
      (#{item.id,jdbcType=BIGINT}, #{item.ruleId,jdbcType=BIGINT}, #{item.type,jdbcType=VARCHAR}, 
        #{item.address,jdbcType=VARCHAR})
    </foreach>
  </insert>
  <insert id="batchInsertSelective" parameterType="map">
    <!--
      WARNING - @mbg.generated
      This element is automatically generated by MyBatis Generator, do not modify.
      @project https://github.com/itfsw/mybatis-generator-plugin
    -->
    insert into `address` (
    <foreach collection="selective" item="column" separator=",">
      ${column.escapedColumnName}
    </foreach>
    )
    values
    <foreach collection="list" item="item" separator=",">
      (
      <foreach collection="selective" item="column" separator=",">
        <if test="'id'.toString() == column.value">
          #{item.id,jdbcType=BIGINT}
        </if>
        <if test="'ruleId'.toString() == column.value">
          #{item.ruleId,jdbcType=BIGINT}
        </if>
        <if test="'type'.toString() == column.value">
          #{item.type,jdbcType=VARCHAR}
        </if>
        <if test="'address'.toString() == column.value">
          #{item.address,jdbcType=VARCHAR}
        </if>
      </foreach>
      )
    </foreach>
  </insert>
</mapper>